t,avg_cAMP,avg_Ca,avg_Ca_ER,avg_ATP,PKA_frac,avg_pSer845,avg_I1P,avg_pSer831,CaMKII_p_frac,min_cAMP,max_cAMP,gradient_index,stimulus,neck_avg_cAMP,head_avg_cAMP,head_neck_ratio
0.000000,0.100000,0.100000,200.000000,2000.000000,0.000000,0.000000,0.000000,0.000000,0.000000,0.000000,2000.000000,20000.000000,0.000000,nan,nan,nan
0.020000,0.107589,0.101943,199.970358,1996.125675,0.075272,0.002251,0.000375,0.000534,0.000022,0.000044,1996.125884,18553.307971,0.000000,nan,nan,nan
0.040000,0.115572,0.102588,199.940839,1994.970895,0.133730,0.006232,0.001041,0.002073,0.000202,0.000122,1994.971326,17261.719372,0.000000,nan,nan,nan
0.060000,0.123847,0.103173,199.911433,1994.657115,0.180731,0.011579,0.001937,0.005018,0.000851,0.000195,1994.657738,16105.802072,0.000000,nan,nan,nan
0.080000,0.132323,0.103756,199.882140,1994.601319,0.219848,0.018038,0.003023,0.009698,0.002449,0.000278,1994.602101,15073.712294,0.000000,nan,nan,nan
0.100000,0.140920,0.104340,199.852961,1994.623673,0.253423,0.025423,0.004271,0.016369,0.005594,0.000372,1994.624587,14154.289754,0.000000,nan,nan,nan
0.120000,0.149568,0.104925,199.823896,1994.668825,0.282965,0.033595,0.005659,0.025216,0.010906,0.000476,1994.669849,13336.219279,0.000000,nan,nan,nan
0.140000,0.158206,0.105511,199.794945,1994.719764,0.309426,0.042444,0.007169,0.036354,0.018943,0.000592,1994.720882,12608.412333,0.000000,nan,nan,nan
0.160000,0.166781,0.106098,199.766109,1994.771280,0.333404,0.051879,0.008789,0.049836,0.030122,0.000719,1994.772481,11960.437955,0.000000,nan,nan,nan
0.180000,0.175249,0.106685,199.737388,1994.821796,0.355276,0.061823,0.010507,0.065655,0.044677,0.000858,1994.823070,11382.772089,0.000000,nan,nan,nan
0.200000,0.183573,0.107273,199.708783,1994.870851,0.375286,0.072203,0.012313,0.083748,0.062653,0.001009,1994.872193,10866.887640,0.000000,nan,nan,nan
0.220000,0.191722,0.107862,199.680295,1994.918331,0.393608,0.082959,0.014197,0.104005,0.083918,0.001173,1994.919735,10405.247152,0.000000,nan,nan,nan
0.240000,0.199671,0.108451,199.651923,1994.964230,0.410376,0.094031,0.016150,0.126272,0.108197,0.001349,1994.965692,9991.241586,0.000000,nan,nan,nan
0.260000,0.207401,0.109042,199.623668,1995.008576,0.425708,0.105367,0.018165,0.150362,0.135111,0.001536,1995.010092,9619.104215,0.000000,nan,nan,nan
0.280000,0.214896,0.109633,199.595530,1995.051406,0.439710,0.116918,0.020234,0.176056,0.164219,0.001736,1995.052974,9283.816909,0.000000,nan,nan,nan
0.300000,0.222145,0.110224,199.567511,1995.092764,0.452486,0.128641,0.022350,0.203118,0.195049,0.001947,1995.094380,8981.018286,0.000000,nan,nan,nan
0.320000,0.229143,0.110816,199.539609,1995.132694,0.464136,0.140495,0.024508,0.231297,0.227126,0.002169,1995.134356,8706.918469,0.000000,nan,nan,nan
0.340000,0.235885,0.111409,199.511827,1995.171241,0.474756,0.152445,0.026702,0.260336,0.259994,0.002402,1995.172947,8458.222463,0.000000,nan,nan,nan
0.360000,0.242370,0.112002,199.484163,1995.208450,0.484439,0.164460,0.028926,0.289983,0.293233,0.002646,1995.210197,8232.062591,0.000000,nan,nan,nan
0.380000,0.248599,0.112596,199.456619,1995.244366,0.493270,0.176510,0.031176,0.319992,0.326462,0.002899,1995.246153,8025.939653,0.000000,nan,nan,nan
0.400000,0.254575,0.113190,199.429195,1995.279036,0.501330,0.188572,0.033448,0.350130,0.359352,0.003162,1995.280859,7837.672085,0.000000,nan,nan,nan
0.420000,0.260303,0.113785,199.401891,1995.312502,0.508694,0.200622,0.035738,0.380181,0.391622,0.003433,1995.314361,7665.352228,0.000000,nan,nan,nan
0.440000,0.265787,0.114380,199.374708,1995.344811,0.515429,0.212642,0.038043,0.409953,0.423039,0.003713,1995.346703,7507.308831,0.000000,nan,nan,nan
0.460000,0.271034,0.114976,199.347646,1995.376004,0.521598,0.224614,0.040360,0.439271,0.453420,0.004000,1995.377927,7362.074933,0.000000,nan,nan,nan
0.480000,0.276052,0.115572,199.320705,1995.406125,0.527255,0.236523,0.042686,0.467989,0.482623,0.004294,1995.408077,7228.360371,0.000000,nan,nan,nan
0.500000,0.280848,0.116169,199.293885,1995.435214,0.532450,0.248357,0.045018,0.495980,0.510547,0.004595,1995.437194,7105.028238,0.000000,nan,nan,nan
0.520000,0.285430,0.116765,199.267188,1995.463314,0.537229,0.260104,0.047355,0.523142,0.537125,0.004902,1995.465319,6991.074704,0.000000,nan,nan,nan
0.540000,0.289805,0.117362,199.240613,1995.490462,0.541632,0.271754,0.049695,0.549394,0.562322,0.005214,1995.492491,6885.609322,0.000000,nan,nan,nan
0.560000,0.293983,0.117960,199.214161,1995.516698,0.545694,0.283300,0.052035,0.574675,0.586126,0.005531,1995.518750,6787.847813,0.000000,nan,nan,nan
0.580000,0.297971,0.118557,199.187831,1995.542058,0.549446,0.294733,0.054375,0.598941,0.608547,0.005852,1995.544132,6697.091021,0.000000,nan,nan,nan
0.600000,0.301776,0.119155,199.161625,1995.566580,0.552919,0.306047,0.056712,0.622166,0.629613,0.006177,1995.568674,6612.716875,0.000000,nan,nan,nan
0.620000,0.305408,0.119753,199.135542,1995.590299,0.556137,0.317237,0.059046,0.644335,0.649363,0.006506,1995.592411,6534.170860,0.000000,nan,nan,nan
0.640000,0.308872,0.120351,199.109583,1995.613247,0.559123,0.328299,0.061376,0.665447,0.667849,0.006837,1995.615376,6460.957772,0.000000,nan,nan,nan
0.660000,0.312177,0.120950,199.083748,1995.635459,0.561897,0.339229,0.063700,0.685511,0.685128,0.007170,1995.637604,6392.634581,0.000000,nan,nan,nan
0.680000,0.315328,0.121548,199.058037,1995.656965,0.564478,0.350023,0.066018,0.704542,0.701261,0.007505,1995.659126,6328.804226,0.000000,nan,nan,nan
0.700000,0.318334,0.122147,199.032451,1995.677798,0.566882,0.360680,0.068328,0.722565,0.716314,0.007842,1995.679973,6269.110222,0.000000,nan,nan,nan
0.720000,0.321200,0.122745,199.006989,1995.697985,0.569123,0.371197,0.070630,0.739608,0.730353,0.008063,1995.700175,6213.232330,0.000000,nan,nan,nan
0.740000,0.323933,0.123344,198.981653,1995.717558,0.571215,0.381572,0.072924,0.755702,0.743441,0.008014,1995.719760,6160.882178,0.000000,nan,nan,nan
0.760000,0.326537,0.123942,198.956441,1995.736542,0.573169,0.391805,0.075208,0.770883,0.755644,0.007967,1995.738756,6111.798283,0.000000,nan,nan,nan
0.780000,0.329020,0.124541,198.931355,1995.754966,0.574996,0.401894,0.077482,0.785188,0.767023,0.007919,1995.757191,6065.745052,0.000000,nan,nan,nan
0.800000,0.331385,0.125139,198.906395,1995.772854,0.576706,0.411839,0.079747,0.798655,0.777637,0.007872,1995.775090,6022.509186,0.000000,nan,nan,nan
0.820000,0.333637,0.125737,198.881561,1995.790233,0.578308,0.421640,0.082000,0.811322,0.787543,0.007825,1995.792478,5981.897254,0.000000,nan,nan,nan
0.840000,0.335782,0.126336,198.856852,1995.807127,0.579808,0.431296,0.084242,0.823229,0.796792,0.007778,1995.809381,5943.733565,0.000000,nan,nan,nan
0.860000,0.337825,0.126934,198.832270,1995.823558,0.581215,0.440808,0.086472,0.834414,0.805435,0.007732,1995.825821,5907.853022,0.000000,nan,nan,nan
0.880000,0.339768,0.127531,198.807814,1995.839550,0.582535,0.450176,0.088691,0.844915,0.813517,0.007686,1995.841822,5874.116298,0.000000,nan,nan,nan
0.900000,0.341615,0.128129,198.783484,1995.855126,0.583773,0.459402,0.090897,0.854768,0.821082,0.007640,1995.857405,5842.390317,0.000000,nan,nan,nan
0.920000,0.343371,0.128726,198.759281,1995.870306,0.584935,0.468484,0.093091,0.864009,0.828169,0.007594,1995.872592,5812.553467,0.000000,nan,nan,nan
0.940000,0.345040,0.129323,198.735205,1995.885111,0.586026,0.477425,0.095272,0.872673,0.834814,0.007549,1995.887404,5784.494442,0.000000,nan,nan,nan
0.960000,0.346623,0.129920,198.711256,1995.899562,0.587050,0.486225,0.097440,0.880792,0.841051,0.007504,1995.901861,5758.111213,0.000000,nan,nan,nan
0.980000,0.348125,0.130516,198.687433,1995.913678,0.588011,0.494886,0.099595,0.888399,0.846912,0.007459,1995.915983,5733.310124,0.000000,nan,nan,nan
1.000000,0.349548,0.131112,198.663738,1995.927478,0.588913,0.503408,0.101737,0.895523,0.852423,0.007415,1995.929788,5710.005073,1.000000,nan,nan,nan
1.020000,0.350896,0.131708,198.640170,1995.940980,0.589759,0.511792,0.103866,0.902194,0.857613,0.007371,1995.943295,5688.116787,1.000000,nan,nan,nan
1.040000,0.352170,0.132303,198.616729,1995.954202,0.590552,0.520041,0.105981,0.908439,0.862504,0.007327,1995.956521,5667.572181,1.000000,nan,nan,nan
1.060000,0.353374,0.132898,198.593415,1995.967162,0.591296,0.528155,0.108082,0.914283,0.867118,0.007283,1995.969485,5648.303777,1.000000,nan,nan,nan
1.080000,0.354509,0.133492,198.570229,1995.979875,0.591993,0.536136,0.110169,0.919752,0.871475,0.007240,1995.982203,5630.249186,1.000000,nan,nan,nan
1.100000,0.355579,0.134085,198.547170,1995.992360,0.592645,0.543985,0.112242,0.924869,0.875595,0.007196,1995.994690,5613.350649,1.000000,nan,nan,nan
1.120000,0.356584,0.134678,198.524238,1996.004630,0.593254,0.551704,0.114302,0.929655,0.879493,0.007153,1996.006964,5597.554619,1.000000,nan,nan,nan
1.140000,0.357528,0.135271,198.501434,1996.016703,0.593823,0.559295,0.116347,0.934132,0.883185,0.007111,1996.019040,5582.811391,1.000000,nan,nan,nan
1.160000,0.358412,0.135862,198.478758,1996.028593,0.594354,0.566758,0.118379,0.938318,0.886686,0.007068,1996.030932,5569.074760,1.000000,nan,nan,nan
1.180000,0.359238,0.136454,198.456209,1996.040314,0.594848,0.574096,0.120396,0.942232,0.890008,0.007026,1996.042655,5556.301726,1.000000,nan,nan,nan
1.200000,0.360008,0.137044,198.433787,1996.051881,0.595307,0.581310,0.122399,0.945892,0.893164,0.006984,1996.054224,5544.452218,1.000000,nan,nan,nan
1.220000,0.360723,0.137634,198.411493,1996.063307,0.595732,0.588402,0.124387,0.949314,0.896165,0.006943,1996.065652,5533.488847,1.000000,nan,nan,nan
1.240000,0.361386,0.138223,198.389326,1996.074607,0.596126,0.595373,0.126362,0.952512,0.899020,0.006901,1996.076953,5523.376689,1.000000,nan,nan,nan
1.260000,0.361997,0.138811,198.367287,1996.085792,0.596489,0.602225,0.128322,0.955502,0.901739,0.006860,1996.088139,5514.083079,1.000000,nan,nan,nan
1.280000,0.362558,0.139398,198.345375,1996.096877,0.596822,0.608960,0.130268,0.958296,0.904332,0.006819,1996.099225,5505.577429,1.000000,nan,nan,nan
1.300000,0.363072,0.139984,198.323591,1996.107871,0.597127,0.615579,0.132200,0.960908,0.906804,0.006778,1996.110219,5497.819525,1.000000,nan,nan,nan
1.320000,0.363538,0.140570,198.301934,1996.118789,0.597405,0.622084,0.134117,0.963348,0.909165,0.006738,1996.121137,5490.796040,1.000000,nan,nan,nan
1.340000,0.363959,0.141154,198.280404,1996.129642,0.597657,0.628476,0.136020,0.965629,0.911420,0.006698,1996.131990,5484.481367,1.000000,nan,nan,nan
1.360000,0.364335,0.141738,198.259001,1996.140441,0.597883,0.634758,0.137909,0.967760,0.913577,0.006658,1996.142790,5478.851470,1.000000,nan,nan,nan
1.380000,0.364667,0.142321,198.237725,1996.151199,0.598085,0.640931,0.139784,0.969752,0.915641,0.006618,1996.153547,5473.883731,1.000000,nan,nan,nan
1.400000,0.364958,0.142903,198.216577,1996.161925,0.598263,0.646997,0.141644,0.971613,0.917618,0.006579,1996.164273,5469.556858,1.000000,nan,nan,nan
1.420000,0.365207,0.143483,198.195554,1996.172631,0.598418,0.652957,0.143491,0.973352,0.919511,0.006540,1996.174977,5465.850781,1.000000,nan,nan,nan
1.440000,0.365417,0.144063,198.174659,1996.183327,0.598552,0.658812,0.145323,0.974977,0.921327,0.006500,1996.185672,5462.746567,1.000000,nan,nan,nan
1.460000,0.365587,0.144642,198.153890,1996.194022,0.598663,0.664565,0.147141,0.976495,0.923070,0.006462,1996.196365,5460.226329,1.000000,nan,nan,nan
1.480000,0.365720,0.145219,198.133248,1996.204727,0.598755,0.670218,0.148945,0.977913,0.924743,0.006423,1996.207069,5458.273160,1.000000,nan,nan,nan
1.500000,0.365816,0.145795,198.112731,1996.215451,0.598826,0.675770,0.150734,0.979239,0.926350,0.006385,1996.217791,5456.871055,1.000000,nan,nan,nan
1.520000,0.365876,0.146370,198.092341,1996.226203,0.598877,0.681226,0.152510,0.980477,0.927896,0.006347,1996.228541,5456.004860,1.000000,nan,nan,nan
1.540000,0.365901,0.146944,198.072077,1996.236993,0.598909,0.686584,0.154272,0.981634,0.929382,0.006309,1996.239329,5455.660202,1.000000,nan,nan,nan
1.560000,0.365892,0.147517,198.051938,1996.247830,0.598923,0.691849,0.156020,0.982715,0.930812,0.006271,1996.250163,5455.823445,1.000000,nan,nan,nan
1.580000,0.365850,0.148088,198.031925,1996.258722,0.598919,0.697020,0.157754,0.983726,0.932190,0.006234,1996.261052,5456.481633,1.000000,nan,nan,nan
1.600000,0.365776,0.148658,198.012037,1996.269676,0.598898,0.702099,0.159474,0.984669,0.933517,0.006197,1996.272004,5457.622455,1.000000,nan,nan,nan
1.620000,0.365670,0.149227,197.992275,1996.280703,0.598859,0.707088,0.161181,0.985551,0.934797,0.006160,1996.283028,5459.234199,1.000000,nan,nan,nan
1.640000,0.365533,0.149795,197.972637,1996.291809,0.598803,0.711989,0.162874,0.986375,0.936031,0.006123,1996.294131,5461.305715,1.000000,nan,nan,nan
1.660000,0.365367,0.150361,197.953124,1996.303003,0.598732,0.716802,0.164553,0.987146,0.937222,0.006087,1996.305321,5463.826379,1.000000,nan,nan,nan
1.680000,0.365171,0.150925,197.933735,1996.314291,0.598644,0.721530,0.166218,0.987865,0.938371,0.006050,1996.316605,5466.786062,1.000000,nan,nan,nan
1.700000,0.364947,0.151489,197.914470,1996.325681,0.598541,0.726173,0.167870,0.988538,0.939482,0.006014,1996.327992,5470.175100,1.000000,nan,nan,nan
1.720000,0.364695,0.152050,197.895330,1996.337181,0.598423,0.730734,0.169509,0.989166,0.940555,0.005978,1996.339488,5473.984266,1.000000,nan,nan,nan
1.740000,0.364416,0.152610,197.876313,1996.348797,0.598289,0.735213,0.171134,0.989754,0.941593,0.005943,1996.351100,5478.204746,1.000000,nan,nan,nan
1.760000,0.364111,0.153169,197.857419,1996.360537,0.598141,0.739612,0.172746,0.990303,0.942597,0.005907,1996.362836,5482.828114,1.000000,nan,nan,nan
1.780000,0.363780,0.153726,197.838649,1996.372406,0.597979,0.743932,0.174344,0.990816,0.943568,0.005872,1996.374700,5487.846310,1.000000,nan,nan,nan
1.800000,0.363424,0.154282,197.820001,1996.384411,0.597803,0.748175,0.175930,0.991296,0.944508,0.005837,1996.386701,5493.251621,1.000000,nan,nan,nan
1.820000,0.363044,0.154836,197.801476,1996.396558,0.597613,0.752342,0.177502,0.991744,0.945419,0.005802,1996.398844,5499.036658,1.000000,nan,nan,nan
1.840000,0.362640,0.155388,197.783074,1996.408854,0.597410,0.756433,0.179061,0.992163,0.946301,0.005768,1996.411135,5505.194343,1.000000,nan,nan,nan
1.860000,0.362213,0.155939,197.764793,1996.421304,0.597193,0.760452,0.180607,0.992555,0.947156,0.005733,1996.423580,5511.717893,1.000000,nan,nan,nan
1.880000,0.361764,0.156488,197.746633,1996.433914,0.596963,0.764398,0.182140,0.992922,0.947985,0.005699,1996.436185,5518.600802,1.000000,nan,nan,nan
1.900000,0.361292,0.157036,197.728595,1996.446690,0.596720,0.768273,0.183660,0.993264,0.948789,0.005665,1996.448956,5525.836826,1.000000,nan,nan,nan
1.920000,0.360800,0.157581,197.710678,1996.459637,0.596465,0.772078,0.185167,0.993585,0.949569,0.005631,1996.461897,5533.419971,1.000000,nan,nan,nan
1.940000,0.360286,0.158125,197.692882,1996.472759,0.596197,0.775815,0.186662,0.993885,0.950327,0.005598,1996.475015,5541.344482,1.000000,nan,nan,nan
1.960000,0.359752,0.158668,197.675206,1996.486064,0.595918,0.779484,0.188144,0.994165,0.951062,0.005564,1996.488314,5549.604831,1.000000,nan,nan,nan
1.980000,0.359199,0.159208,197.657649,1996.499554,0.595626,0.783088,0.189613,0.994427,0.951777,0.005531,1996.501799,5558.195704,1.000000,nan,nan,nan
2.000000,0.358626,0.159746,197.640212,1996.513236,0.595322,0.786626,0.191070,0.994673,0.952471,0.005498,1996.515475,5567.111993,1.000000,nan,nan,nan
2.020000,0.358034,0.160283,197.622894,1996.527114,0.595006,0.790100,0.192514,0.994902,0.953145,0.005465,1996.529346,5576.348784,1.000000,nan,nan,nan
2.040000,0.357424,0.160818,197.605695,1996.541191,0.594679,0.793512,0.193946,0.995117,0.953801,0.005433,1996.543418,5585.901351,1.000000,nan,nan,nan
2.060000,0.356797,0.161351,197.588615,1996.555474,0.594341,0.796862,0.195366,0.995318,0.954439,0.005400,1996.557695,5595.765146,1.000000,nan,nan,nan
2.080000,0.356152,0.161882,197.571652,1996.569965,0.593991,0.800151,0.196773,0.995506,0.955060,0.005368,1996.572180,5605.935792,1.000000,nan,nan,nan
2.100000,0.355491,0.162411,197.554807,1996.584669,0.593630,0.803381,0.198169,0.995682,0.955664,0.005336,1996.586878,5616.409072,1.000000,nan,nan,nan
2.120000,0.354813,0.162939,197.538079,1996.599591,0.593258,0.806552,0.199552,0.995847,0.956252,0.005304,1996.601794,5627.180930,1.000000,nan,nan,nan
2.140000,0.354119,0.163464,197.521468,1996.614733,0.592875,0.809666,0.200923,0.996002,0.956825,0.005273,1996.616930,5638.247453,1.000000,nan,nan,nan
2.160000,0.353410,0.163987,197.504973,1996.630100,0.592482,0.812724,0.202282,0.996147,0.957382,0.005241,1996.632290,5649.604879,1.000000,nan,nan,nan
2.180000,0.352686,0.164508,197.488594,1996.645695,0.592078,0.815726,0.203629,0.996282,0.957926,0.005210,1996.647879,5661.249576,1.000000,nan,nan,nan
2.200000,0.351947,0.165028,197.472330,1996.661522,0.591664,0.818674,0.204965,0.996409,0.958455,0.005179,1996.663699,5673.178055,1.000000,nan,nan,nan
2.220000,0.351194,0.165545,197.456182,1996.677584,0.591239,0.821568,0.206289,0.996528,0.958971,0.005148,1996.679755,5685.386932,1.000000,nan,nan,nan
2.240000,0.350427,0.166060,197.440148,1996.693884,0.590804,0.824410,0.207601,0.996640,0.959475,0.005117,1996.696049,5697.872968,1.000000,nan,nan,nan
2.260000,0.349647,0.166573,197.424228,1996.710426,0.590358,0.827200,0.208901,0.996745,0.959966,0.005087,1996.712584,5710.633032,1.000000,nan,nan,nan
2.280000,0.348854,0.167084,197.408422,1996.727213,0.589903,0.829940,0.210190,0.996843,0.960444,0.005056,1996.729363,5723.664105,1.000000,nan,nan,nan
2.300000,0.348048,0.167593,197.392729,1996.744247,0.589437,0.832630,0.211468,0.996935,0.960912,0.005026,1996.746390,5736.963277,1.000000,nan,nan,nan
2.320000,0.347231,0.168100,197.377149,1996.761531,0.588962,0.835271,0.212734,0.997021,0.961368,0.004996,1996.763668,5750.527738,1.000000,nan,nan,nan
2.340000,0.346401,0.168604,197.361681,1996.779068,0.588477,0.837865,0.213989,0.997102,0.961813,0.004966,1996.781198,5764.354790,1.000000,nan,nan,nan
2.360000,0.345559,0.169106,197.346325,1996.796861,0.587982,0.840411,0.215233,0.997178,0.962247,0.004937,1996.798984,5778.441834,1.000000,nan,nan,nan
2.380000,0.344707,0.169607,197.331080,1996.814912,0.587478,0.842911,0.216465,0.997250,0.962672,0.004907,1996.817028,5792.786349,1.000000,nan,nan,nan
2.400000,0.343843,0.170105,197.315946,1996.833223,0.586964,0.845366,0.217687,0.997317,0.963087,0.004878,1996.835332,5807.385915,1.000000,nan,nan,nan
2.420000,0.342969,0.170600,197.300922,1996.851798,0.586440,0.847776,0.218898,0.997380,0.963492,0.004778,1996.853900,5822.238411,1.000000,nan,nan,nan
2.440000,0.342085,0.171094,197.286008,1996.870638,0.585907,0.850142,0.220097,0.997439,0.963888,0.004679,1996.872732,5837.341385,1.000000,nan,nan,nan
2.460000,0.341191,0.171585,197.271203,1996.889745,0.585365,0.852465,0.221286,0.997495,0.964275,0.004583,1996.891832,5852.692662,1.000000,nan,nan,nan
2.480000,0.340288,0.172074,197.256508,1996.909121,0.584813,0.854746,0.222464,0.997548,0.964653,0.004490,1996.911201,5868.290153,1.000000,nan,nan,nan
2.500000,0.339375,0.172561,197.241920,1996.928769,0.584252,0.856986,0.223631,0.997597,0.965023,0.004400,1996.930841,5884.131857,1.000000,nan,nan,nan
2.520000,0.338453,0.173045,197.227440,1996.948690,0.583682,0.859185,0.224788,0.997643,0.965385,0.004313,1996.950755,5900.215843,1.000000,nan,nan,nan
2.540000,0.337523,0.173528,197.213068,1996.968885,0.583103,0.861344,0.225934,0.997687,0.965739,0.004228,1996.970943,5916.540249,1.000000,nan,nan,nan
2.560000,0.336584,0.174007,197.198802,1996.989358,0.582515,0.863464,0.227069,0.997728,0.966086,0.004146,1996.991409,5933.103287,1.000000,nan,nan,nan
2.580000,0.335637,0.174485,197.184643,1997.010109,0.581918,0.865545,0.228194,0.997767,0.966425,0.004067,1997.012152,5949.903239,1.000000,nan,nan,nan
2.600000,0.334682,0.174960,197.170589,1997.031140,0.581312,0.867589,0.229309,0.997804,0.966757,0.003989,1997.033176,5966.938455,1.000000,nan,nan,nan
2.620000,0.333720,0.175433,197.156640,1997.052452,0.580697,0.869595,0.230414,0.997838,0.967081,0.003915,1997.054480,5984.207341,1.000000,nan,nan,nan
2.640000,0.332751,0.175903,197.142796,1997.074047,0.580073,0.871565,0.231508,0.997871,0.967400,0.003842,1997.076068,6001.708378,1.000000,nan,nan,nan
2.660000,0.331774,0.176371,197.129056,1997.095927,0.579440,0.873500,0.232592,0.997902,0.967711,0.003772,1997.097940,6019.440097,1.000000,nan,nan,nan
2.680000,0.330791,0.176837,197.115419,1997.118091,0.578799,0.875399,0.233666,0.997931,0.968016,0.003703,1997.120097,6037.401098,1.000000,nan,nan,nan
2.700000,0.329801,0.177300,197.101886,1997.140543,0.578148,0.877263,0.234730,0.997958,0.968315,0.003637,1997.142541,6055.590038,1.000000,nan,nan,nan
2.720000,0.328805,0.177761,197.088455,1997.163282,0.577489,0.879094,0.235784,0.997984,0.968608,0.003572,1997.165272,6074.005617,1.000000,nan,nan,nan
2.740000,0.327802,0.178220,197.075125,1997.186310,0.576822,0.880892,0.236828,0.998009,0.968895,0.003510,1997.188292,6092.646615,1.000000,nan,nan,nan
2.760000,0.326794,0.178676,197.061897,1997.209627,0.576146,0.882656,0.237863,0.998032,0.969176,0.003449,1997.211602,6111.511835,1.000000,nan,nan,nan
2.780000,0.325781,0.179129,197.048770,1997.233236,0.575461,0.884389,0.238887,0.998054,0.969452,0.003390,1997.235203,6130.600159,1.000000,nan,nan,nan
2.800000,0.324762,0.179581,197.035743,1997.257136,0.574768,0.886091,0.239902,0.998075,0.969722,0.003333,1997.259095,6149.910510,1.000000,nan,nan,nan
2.820000,0.323738,0.180029,197.022816,1997.281328,0.574066,0.887761,0.240908,0.998095,0.969988,0.003277,1997.283280,6169.441868,1.000000,nan,nan,nan
2.840000,0.322708,0.180476,197.009987,1997.305814,0.573356,0.889401,0.241903,0.998114,0.970248,0.003222,1997.307758,6189.193255,1.000000,nan,nan,nan
2.860000,0.321674,0.180919,196.997258,1997.330593,0.572637,0.891012,0.242890,0.998132,0.970503,0.003170,1997.332530,6209.163739,1.000000,nan,nan,nan
2.880000,0.320636,0.181361,196.984626,1997.355667,0.571910,0.892593,0.243867,0.998149,0.970753,0.003118,1997.357596,6229.352439,1.000000,nan,nan,nan
2.900000,0.319593,0.181800,196.972091,1997.381036,0.571174,0.894145,0.244834,0.998165,0.970998,0.003068,1997.382958,6249.758539,1.000000,nan,nan,nan
2.920000,0.318546,0.182236,196.959653,1997.406701,0.570431,0.895670,0.245792,0.998180,0.971239,0.003020,1997.408615,6270.381201,1.000000,nan,nan,nan
2.940000,0.317495,0.182670,196.947312,1997.432662,0.569678,0.897167,0.246742,0.998195,0.971475,0.002973,1997.434568,6291.219717,1.000000,nan,nan,nan
2.960000,0.316440,0.183101,196.935066,1997.458919,0.568918,0.898636,0.247681,0.998209,0.971707,0.002927,1997.460817,6312.273360,1.000000,nan,nan,nan
2.980000,0.315382,0.183530,196.922915,1997.485473,0.568149,0.900079,0.248612,0.998222,0.971935,0.002882,1997.487364,6333.541472,1.000000,nan,nan,nan
3.000000,0.314320,0.183957,196.910859,1997.512325,0.567372,0.901496,0.249534,0.998235,0.972159,0.002838,1997.514207,6355.023442,1.000000,nan,nan,nan
3.020000,0.313255,0.184381,196.898896,1997.539474,0.566587,0.902887,0.250447,0.998247,0.972378,0.002796,1997.541349,6376.718679,1.000000,nan,nan,nan
3.040000,0.312187,0.184802,196.887027,1997.566921,0.565794,0.904253,0.251351,0.998258,0.972594,0.002754,1997.568788,6398.626645,1.000000,nan,nan,nan
3.060000,0.311115,0.185221,196.875251,1997.594665,0.564992,0.905594,0.252246,0.998269,0.972806,0.002714,1997.596525,6420.746843,1.000000,nan,nan,nan
3.080000,0.310042,0.185637,196.863566,1997.622708,0.564182,0.906911,0.253132,0.998280,0.973014,0.002675,1997.624560,6443.078798,1.000000,nan,nan,nan
3.100000,0.308965,0.186051,196.851974,1997.651049,0.563364,0.908203,0.254010,0.998290,0.973218,0.002636,1997.652893,6465.622088,1.000000,nan,nan,nan
3.120000,0.307886,0.186462,196.840472,1997.679689,0.562538,0.909473,0.254879,0.998300,0.973419,0.002599,1997.681524,6488.376326,1.000000,nan,nan,nan
3.140000,0.306804,0.186871,196.829061,1997.708626,0.561704,0.910720,0.255739,0.998309,0.973616,0.002563,1997.710454,6511.341146,1.000000,nan,nan,nan
3.160000,0.305721,0.187277,196.817739,1997.737862,0.560862,0.911943,0.256591,0.998318,0.973810,0.002527,1997.739682,6534.516244,1.000000,nan,nan,nan
3.180000,0.304635,0.187681,196.806507,1997.767396,0.560012,0.913145,0.257434,0.998327,0.974001,0.002493,1997.769209,6557.901310,1.000000,nan,nan,nan
3.200000,0.303547,0.188082,196.795363,1997.797228,0.559153,0.914325,0.258269,0.998335,0.974188,0.002459,1997.799033,6581.496112,1.000000,nan,nan,nan
3.220000,0.302458,0.188481,196.784308,1997.827359,0.558287,0.915484,0.259096,0.998343,0.974372,0.002426,1997.829156,6605.300423,1.000000,nan,nan,nan
3.240000,0.301367,0.188877,196.773339,1997.857787,0.557412,0.916622,0.259914,0.998351,0.974553,0.002394,1997.859576,6629.314067,1.000000,nan,nan,nan
3.260000,0.300275,0.189270,196.762458,1997.888513,0.556530,0.917739,0.260724,0.998358,0.974731,0.002362,1997.890294,6653.536885,1.000000,nan,nan,nan
3.280000,0.299181,0.189661,196.751663,1997.919536,0.555639,0.918836,0.261526,0.998365,0.974906,0.002332,1997.921310,6677.968761,1.000000,nan,nan,nan
3.300000,0.298085,0.190050,196.740954,1997.950856,0.554741,0.919913,0.262320,0.998372,0.975079,0.002302,1997.952622,6702.609601,1.000000,nan,nan,nan
3.320000,0.296989,0.190436,196.730330,1997.982473,0.553834,0.920970,0.263105,0.998379,0.975248,0.002273,1997.984232,6727.459347,1.000000,nan,nan,nan
3.340000,0.295892,0.190819,196.719790,1998.014387,0.552920,0.922009,0.263883,0.998385,0.975414,0.002244,1998.016138,6752.517975,1.000000,nan,nan,nan
3.360000,0.294793,0.191200,196.709335,1998.046597,0.551997,0.923028,0.264652,0.998391,0.975578,0.002217,1998.048340,6777.785483,1.000000,nan,nan,nan
3.380000,0.293694,0.191579,196.698962,1998.079103,0.551067,0.924030,0.265414,0.998397,0.975740,0.002189,1998.080839,6803.261903,1.000000,nan,nan,nan
3.400000,0.292594,0.191954,196.688673,1998.111904,0.550129,0.925013,0.266168,0.998403,0.975898,0.002163,1998.113632,6828.947302,1.000000,nan,nan,nan
3.420000,0.291494,0.192328,196.678466,1998.145001,0.549183,0.925978,0.266914,0.998409,0.976054,0.002137,1998.146721,6854.841769,1.000000,nan,nan,nan
3.440000,0.290393,0.192699,196.668340,1998.178391,0.548229,0.926926,0.267652,0.998414,0.976208,0.002112,1998.180104,6880.945416,1.000000,nan,nan,nan
3.460000,0.289292,0.193067,196.658295,1998.212076,0.547267,0.927857,0.268383,0.998419,0.976359,0.002087,1998.213781,6907.258409,1.000000,nan,nan,nan
3.480000,0.288190,0.193433,196.648331,1998.246055,0.546297,0.928771,0.269106,0.998424,0.976508,0.002063,1998.247752,6933.780879,1.000000,nan,nan,nan
3.500000,0.287088,0.193796,196.638447,1998.280326,0.545319,0.929668,0.269821,0.998429,0.976655,0.002039,1998.282016,6960.513065,0.000000,nan,nan,nan
3.520000,0.285986,0.194157,196.628641,1998.314890,0.544334,0.930549,0.270529,0.998434,0.976799,0.002016,1998.316572,6987.455165,0.000000,nan,nan,nan
3.540000,0.284884,0.194515,196.618915,1998.349745,0.543340,0.931415,0.271229,0.998439,0.976941,0.001994,1998.351420,7014.607455,0.000000,nan,nan,nan
3.560000,0.283782,0.194871,196.609267,1998.384892,0.542339,0.932264,0.271922,0.998444,0.977081,0.001972,1998.386559,7041.970214,0.000000,nan,nan,nan
3.580000,0.282680,0.195224,196.599696,1998.420329,0.541330,0.933099,0.272608,0.998448,0.977219,0.001950,1998.421989,7069.543731,0.000000,nan,nan,nan
3.600000,0.281579,0.195574,196.590202,1998.456057,0.540313,0.933918,0.273286,0.998452,0.977354,0.001929,1998.457709,7097.328349,0.000000,nan,nan,nan
3.620000,0.280477,0.195923,196.580785,1998.492074,0.539288,0.934722,0.273957,0.998457,0.977488,0.001908,1998.493718,7125.324424,0.000000,nan,nan,nan
3.640000,0.279376,0.196268,196.571444,1998.528379,0.538256,0.935512,0.274621,0.998461,0.977619,0.001888,1998.530016,7153.532332,0.000000,nan,nan,nan
3.660000,0.278276,0.196612,196.562177,1998.564972,0.537215,0.936288,0.275277,0.998465,0.977749,0.001868,1998.566602,7181.952500,0.000000,nan,nan,nan
3.680000,0.277176,0.196953,196.552986,1998.601852,0.536167,0.937049,0.275926,0.998469,0.977877,0.001849,1998.603474,7210.585325,0.000000,nan,nan,nan
3.700000,0.276077,0.197291,196.543868,1998.639019,0.535111,0.937797,0.276569,0.998472,0.978003,0.001830,1998.640634,7239.431290,0.000000,nan,nan,nan
3.720000,0.274978,0.197627,196.534825,1998.676472,0.534048,0.938531,0.277204,0.998476,0.978127,0.001811,1998.678079,7268.490853,0.000000,nan,nan,nan
3.740000,0.273880,0.197960,196.525854,1998.714209,0.532976,0.939252,0.277832,0.998480,0.978249,0.001793,1998.715809,7297.764523,0.000000,nan,nan,nan
3.760000,0.272783,0.198291,196.516955,1998.752231,0.531897,0.939960,0.278453,0.998483,0.978369,0.001776,1998.753823,7327.252827,0.000000,nan,nan,nan
3.780000,0.271687,0.198620,196.508129,1998.790536,0.530810,0.940655,0.279068,0.998487,0.978488,0.001758,1998.792121,7356.956321,0.000000,nan,nan,nan
3.800000,0.270592,0.198946,196.499373,1998.829123,0.529716,0.941338,0.279675,0.998490,0.978605,0.001741,1998.830701,7386.875560,0.000000,nan,nan,nan
3.820000,0.269498,0.199269,196.490689,1998.867993,0.528613,0.942008,0.280276,0.998494,0.978720,0.001724,1998.869563,7417.011149,0.000000,nan,nan,nan
3.840000,0.268405,0.199591,196.482074,1998.907143,0.527503,0.942666,0.280870,0.998497,0.978834,0.001708,1998.908705,7447.363716,0.000000,nan,nan,nan
3.860000,0.267313,0.199909,196.473530,1998.946572,0.526385,0.943313,0.281457,0.998500,0.978946,0.001692,1998.948128,7477.933878,0.000000,nan,nan,nan
3.880000,0.266222,0.200226,196.465054,1998.986282,0.525260,0.943947,0.282038,0.998503,0.979056,0.001676,1998.987830,7508.722317,0.000000,nan,nan,nan
3.900000,0.265132,0.200540,196.456647,1999.026269,0.524127,0.944570,0.282612,0.998506,0.979165,0.001661,1999.027810,7539.729692,0.000000,nan,nan,nan
3.920000,0.264044,0.200851,196.448308,1999.066533,0.522986,0.945182,0.283179,0.998509,0.979272,0.001646,1999.068067,7570.956724,0.000000,nan,nan,nan
3.940000,0.262957,0.201161,196.440036,1999.107074,0.521838,0.945783,0.283740,0.998512,0.979378,0.001631,1999.108601,7602.404151,0.000000,nan,nan,nan
3.960000,0.261872,0.201468,196.431832,1999.147891,0.520681,0.946372,0.284294,0.998515,0.979483,0.001617,1999.149410,7634.072695,0.000000,nan,nan,nan
3.980000,0.260788,0.201772,196.423693,1999.188982,0.519518,0.946952,0.284842,0.998518,0.979586,0.001603,1999.190494,7665.963138,0.000000,nan,nan,nan
4.000000,0.259705,0.202074,196.415621,1999.230347,0.518346,0.947520,0.285384,0.998521,0.979687,0.001589,1999.231852,7698.076275,0.000000,nan,nan,nan
4.020000,0.258624,0.202374,196.407613,1999.271984,0.517167,0.948078,0.285919,0.998523,0.979787,0.001575,1999.273482,7730.412911,0.000000,nan,nan,nan
4.040000,0.257545,0.202671,196.399671,1999.313893,0.515981,0.948627,0.286448,0.998526,0.979886,0.001562,1999.315384,7762.973894,0.000000,nan,nan,nan
4.060000,0.256467,0.202966,196.391793,1999.356073,0.514787,0.949165,0.286970,0.998529,0.979984,0.001549,1999.357557,7795.760046,0.000000,nan,nan,nan
4.080000,0.255391,0.203259,196.383978,1999.398523,0.513585,0.949693,0.287486,0.998531,0.980080,0.001536,1999.400000,7828.772263,0.000000,nan,nan,nan
4.100000,0.254317,0.203550,196.376226,1999.441241,0.512376,0.950212,0.287996,0.998534,0.980175,0.001523,1999.442711,7862.011446,0.000000,nan,nan,nan
4.120000,0.253244,0.203838,196.368538,1999.484228,0.511159,0.950721,0.288500,0.998536,0.980268,0.001511,1999.485690,7895.478485,0.000000,nan,nan,nan
4.140000,0.252173,0.204124,196.360911,1999.527481,0.509934,0.951221,0.288998,0.998539,0.980360,0.001499,1999.528936,7929.174330,0.000000,nan,nan,nan
4.160000,0.251105,0.204407,196.353346,1999.571000,0.508702,0.951712,0.289490,0.998541,0.980452,0.001487,1999.572448,7963.099938,0.000000,nan,nan,nan
4.180000,0.250038,0.204688,196.345842,1999.614783,0.507463,0.952195,0.289975,0.998544,0.980541,0.001475,1999.616225,7997.256281,0.000000,nan,nan,nan
4.200000,0.248973,0.204967,196.338398,1999.658831,0.506216,0.952668,0.290455,0.998546,0.980630,0.001464,1999.660266,8031.644349,0.000000,nan,nan,nan
4.220000,0.247909,0.205244,196.331015,1999.703141,0.504962,0.953132,0.290929,0.998548,0.980718,0.001452,1999.704569,8066.265160,0.000000,nan,nan,nan
4.240000,0.246848,0.205519,196.323691,1999.747713,0.503700,0.953589,0.291396,0.998550,0.980804,0.001441,1999.749134,8101.119748,0.000000,nan,nan,nan
4.260000,0.245789,0.205791,196.316426,1999.792546,0.502430,0.954036,0.291858,0.998553,0.980889,0.001430,1999.793960,8136.209171,0.000000,nan,nan,nan
4.280000,0.244732,0.206061,196.309220,1999.837638,0.501154,0.954476,0.292314,0.998555,0.980974,0.001420,1999.839045,8171.534504,0.000000,nan,nan,nan
4.300000,0.243677,0.206329,196.302072,1999.882989,0.499869,0.954908,0.292764,0.998557,0.981057,0.001409,1999.884390,8207.096828,0.000000,nan,nan,nan
4.320000,0.242624,0.206594,196.294981,1999.928598,0.498578,0.955331,0.293209,0.998559,0.981139,0.001399,1999.929991,8242.897263,0.000000,nan,nan,nan
4.340000,0.241574,0.206858,196.287947,1999.974463,0.497279,0.955747,0.293647,0.998561,0.981220,0.001389,1999.975850,8278.936946,0.000000,nan,nan,nan
4.360000,0.240525,0.207119,196.280970,2000.020583,0.495973,0.956155,0.294080,0.998563,0.981300,0.001379,2000.021963,8315.217009,0.000000,nan,nan,nan
4.380000,0.239479,0.207378,196.274049,2000.066958,0.494659,0.956556,0.294508,0.998565,0.981379,0.001369,2000.068332,8351.738634,0.000000,nan,nan,nan
4.400000,0.238435,0.207635,196.267184,2000.113587,0.493338,0.956949,0.294929,0.998567,0.981456,0.001360,2000.114953,8388.503018,0.000000,nan,nan,nan
4.420000,0.237393,0.207890,196.260373,2000.160467,0.492010,0.957336,0.295345,0.998569,0.981533,0.001350,2000.161827,8425.511341,0.000000,nan,nan,nan
4.440000,0.236354,0.208142,196.253618,2000.207599,0.490674,0.957715,0.295756,0.998571,0.981609,0.001341,2000.208952,8462.764847,0.000000,nan,nan,nan
4.460000,0.235317,0.208393,196.246916,2000.254981,0.489331,0.958087,0.296161,0.998573,0.981684,0.001332,2000.256327,8500.265217,0.000000,nan,nan,nan
4.480000,0.234282,0.208641,196.240268,2000.302612,0.487981,0.958452,0.296560,0.998575,0.981759,0.001323,2000.303951,8538.012801,0.000000,nan,nan,nan
4.500000,0.233250,0.208888,196.233673,2000.350490,0.486624,0.958810,0.296954,0.998576,0.981832,0.001315,2000.351823,8576.009347,0.000000,nan,nan,nan
4.520000,0.232220,0.209132,196.227131,2000.398616,0.485260,0.959162,0.297342,0.998578,0.981904,0.001306,2000.399943,8614.256187,0.000000,nan,nan,nan
4.540000,0.231192,0.209374,196.220641,2000.446987,0.483888,0.959507,0.297726,0.998580,0.981975,0.001297,2000.448307,8652.754612,0.000000,nan,nan,nan
4.560000,0.230167,0.209614,196.214203,2000.495604,0.482509,0.959846,0.298103,0.998582,0.982046,0.001289,2000.496917,8691.505968,0.000000,nan,nan,nan
4.580000,0.229144,0.209852,196.207816,2000.544463,0.481123,0.960178,0.298476,0.998583,0.982116,0.001281,2000.545770,8730.511622,0.000000,nan,nan,nan
4.600000,0.228124,0.210088,196.201480,2000.593566,0.479730,0.960504,0.298843,0.998585,0.982184,0.001273,2000.594866,8769.772962,0.000000,nan,nan,nan
4.620000,0.227106,0.210321,196.195195,2000.642909,0.478330,0.960824,0.299205,0.998587,0.982252,0.001265,2000.644203,8809.291327,0.000000,nan,nan,nan
4.640000,0.226091,0.210553,196.188959,2000.692494,0.476923,0.961138,0.299561,0.998588,0.982319,0.001257,2000.693781,8849.068229,0.000000,nan,nan,nan
4.660000,0.225078,0.210783,196.182773,2000.742317,0.475509,0.961446,0.299913,0.998590,0.982386,0.001250,2000.743598,8889.104972,0.000000,nan,nan,nan
4.680000,0.224068,0.211011,196.176636,2000.792379,0.474088,0.961749,0.300259,0.998591,0.982451,0.001242,2000.793653,8929.403071,0.000000,nan,nan,nan
4.700000,0.223060,0.211237,196.170547,2000.842677,0.472660,0.962045,0.300600,0.998593,0.982516,0.001235,2000.843945,8969.963963,0.000000,nan,nan,nan
4.720000,0.222055,0.211461,196.164507,2000.893212,0.471225,0.962336,0.300936,0.998594,0.982580,0.001228,2000.894474,9010.789169,0.000000,nan,nan,nan
4.740000,0.221053,0.211683,196.158514,2000.943981,0.469783,0.962622,0.301267,0.998596,0.982643,0.001220,2000.945237,9051.880171,0.000000,nan,nan,nan
4.760000,0.220053,0.211903,196.152569,2000.994985,0.468334,0.962902,0.301592,0.998597,0.982706,0.001213,2000.996234,9093.238517,0.000000,nan,nan,nan
4.780000,0.219056,0.212121,196.146671,2001.046221,0.466879,0.963177,0.301913,0.998599,0.982767,0.001206,2001.047464,9134.865702,0.000000,nan,nan,nan
4.800000,0.218061,0.212337,196.140819,2001.097688,0.465416,0.963446,0.302229,0.998600,0.982828,0.001200,2001.098925,9176.763304,0.000000,nan,nan,nan
4.820000,0.217070,0.212551,196.135013,2001.149387,0.463947,0.963711,0.302540,0.998602,0.982889,0.001193,2001.150617,9218.932902,0.000000,nan,nan,nan
4.840000,0.216080,0.212763,196.129252,2001.201314,0.462471,0.963970,0.302846,0.998603,0.982948,0.001186,2001.202539,9261.376758,0.000000,nan,nan,nan
4.860000,0.215094,0.212973,196.123537,2001.253470,0.460989,0.964224,0.303147,0.998604,0.983007,0.001180,2001.254688,9304.095040,0.000000,nan,nan,nan
4.880000,0.214110,0.213182,196.117867,2001.305854,0.459500,0.964473,0.303443,0.998606,0.983065,0.001174,2001.307066,9347.090172,0.000000,nan,nan,nan
4.900000,0.213129,0.213388,196.112241,2001.358463,0.458004,0.964718,0.303734,0.998607,0.983123,0.001167,2001.359669,9390.363781,0.000000,nan,nan,nan
4.920000,0.212151,0.213593,196.106658,2001.411298,0.456501,0.964958,0.304020,0.998608,0.983179,0.001161,2001.412497,9433.917518,0.000000,nan,nan,nan
4.940000,0.211175,0.213796,196.101120,2001.464356,0.454992,0.965193,0.304302,0.998610,0.983236,0.001155,2001.465550,9477.753084,0.000000,nan,nan,nan
4.960000,0.210202,0.213997,196.095624,2001.517638,0.453477,0.965423,0.304579,0.998611,0.983291,0.001149,2001.518825,9521.872177,0.000000,nan,nan,nan
4.980000,0.209232,0.214196,196.090171,2001.571141,0.451955,0.965649,0.304851,0.998612,0.983346,0.001143,2001.572322,9566.276542,0.000000,nan,nan,nan
5.000000,0.208265,0.214394,196.084761,2001.624865,0.450427,0.965870,0.305118,0.998613,0.983400,0.001137,2001.626040,9610.967882,0.000000,nan,nan,nan
5.020000,0.207300,0.214589,196.079392,2001.678808,0.448892,0.966088,0.305381,0.998614,0.983454,0.001132,2001.679978,9655.947922,0.000000,nan,nan,nan
5.040000,0.206338,0.214783,196.074065,2001.732971,0.447351,0.966300,0.305639,0.998615,0.983507,0.001126,2001.734134,9701.218951,0.000000,nan,nan,nan
5.060000,0.205379,0.214975,196.068779,2001.787351,0.445804,0.966509,0.305892,0.998617,0.983559,0.001120,2001.788508,9746.782478,0.000000,nan,nan,nan
5.080000,0.204423,0.215166,196.063533,2001.841947,0.444251,0.966713,0.306141,0.998618,0.983611,0.001115,2001.843099,9792.639362,0.000000,nan,nan,nan
5.100000,0.203470,0.215354,196.058328,2001.896759,0.442691,0.966913,0.306385,0.998619,0.983662,0.001110,2001.897904,9838.792178,0.000000,nan,nan,nan
5.120000,0.202519,0.215541,196.053163,2001.951785,0.441125,0.967109,0.306624,0.998620,0.983713,0.001104,2001.952924,9885.242796,0.000000,nan,nan,nan
5.140000,0.201572,0.215726,196.048038,2002.007024,0.439553,0.967302,0.306859,0.998621,0.983763,0.001099,2002.008157,9931.993047,0.000000,nan,nan,nan
5.160000,0.200627,0.215910,196.042952,2002.062475,0.437975,0.967490,0.307090,0.998622,0.983813,0.001094,2002.063603,9979.044825,0.000000,nan,nan,nan
5.180000,0.199685,0.216091,196.037904,2002.118137,0.436391,0.967674,0.307316,0.998623,0.983861,0.001089,2002.119259,10026.400036,0.000000,nan,nan,nan
5.200000,0.198745,0.216272,196.032895,2002.174010,0.434801,0.967855,0.307537,0.998624,0.983910,0.001084,2002.175126,10074.061517,0.000000,nan,nan,nan
5.220000,0.197809,0.216450,196.027925,2002.230092,0.433205,0.968032,0.307754,0.998625,0.983958,0.001079,2002.231202,10122.029244,0.000000,nan,nan,nan
5.240000,0.196876,0.216627,196.022992,2002.286381,0.431604,0.968205,0.307967,0.998626,0.984005,0.001074,2002.287485,10170.306203,0.000000,nan,nan,nan
5.260000,0.195945,0.216802,196.018096,2002.342877,0.429996,0.968374,0.308175,0.998627,0.984052,0.001069,2002.343976,10218.894898,0.000000,nan,nan,nan
5.280000,0.195017,0.216975,196.013237,2002.399579,0.428383,0.968540,0.308379,0.998628,0.984098,0.001065,2002.400673,10267.796172,0.000000,nan,nan,nan
5.300000,0.194093,0.217147,196.008415,2002.456486,0.426765,0.968702,0.308579,0.998629,0.984144,0.001060,2002.457574,10317.012627,0.000000,nan,nan,nan
5.320000,0.193171,0.217317,196.003630,2002.513597,0.425140,0.968861,0.308774,0.998630,0.984189,0.001056,2002.514679,10366.547218,0.000000,nan,nan,nan
5.340000,0.192252,0.217486,195.998880,2002.570910,0.423510,0.969017,0.308965,0.998631,0.984234,0.001051,2002.571986,10416.400051,0.000000,nan,nan,nan
5.360000,0.191336,0.217653,195.994166,2002.628425,0.421875,0.969169,0.309151,0.998631,0.984278,0.001047,2002.629495,10466.574256,0.000000,nan,nan,nan
5.380000,0.190422,0.217818,195.989487,2002.686141,0.420234,0.969318,0.309334,0.998632,0.984322,0.001042,2002.687205,10517.072168,0.000000,nan,nan,nan
5.400000,0.189512,0.217982,195.984843,2002.744056,0.418588,0.969463,0.309512,0.998633,0.984365,0.001038,2002.745115,10567.895136,0.000000,nan,nan,nan
5.420000,0.188605,0.218144,195.980234,2002.802169,0.416936,0.969606,0.309686,0.998634,0.984408,0.001034,2002.803223,10619.046219,0.000000,nan,nan,nan
5.440000,0.187700,0.218305,195.975659,2002.860480,0.415279,0.969745,0.309855,0.998635,0.984451,0.001029,2002.861528,10670.526447,0.000000,nan,nan,nan
5.460000,0.186799,0.218464,195.971118,2002.918988,0.413617,0.969881,0.310021,0.998635,0.984493,0.001025,2002.920030,10722.339193,0.000000,nan,nan,nan
5.480000,0.185900,0.218622,195.966610,2002.977691,0.411950,0.970014,0.310182,0.998636,0.984534,0.001021,2002.978728,10774.485259,0.000000,nan,nan,nan
5.500000,0.185004,0.218778,195.962136,2003.036588,0.410278,0.970144,0.310340,0.998637,0.984575,0.001017,2003.037620,10826.967530,0.000000,nan,nan,nan
5.520000,0.184112,0.218933,195.957695,2003.095679,0.408601,0.970270,0.310493,0.998638,0.984616,0.001013,2003.096705,10879.788223,0.000000,nan,nan,nan
5.540000,0.183222,0.219086,195.953286,2003.154962,0.406919,0.970394,0.310642,0.998638,0.984656,0.001009,2003.155983,10932.949569,0.000000,nan,nan,nan
5.560000,0.182335,0.219238,195.948910,2003.214437,0.405232,0.970515,0.310787,0.998639,0.984695,0.001006,2003.215452,10986.453779,0.000000,nan,nan,nan
5.580000,0.181451,0.219388,195.944565,2003.274102,0.403540,0.970633,0.310928,0.998640,0.984735,0.001002,2003.275112,11040.303149,0.000000,nan,nan,nan
5.600000,0.180570,0.219537,195.940252,2003.333957,0.401844,0.970749,0.311064,0.998640,0.984773,0.000998,2003.334961,11094.499841,0.000000,nan,nan,nan
5.620000,0.179692,0.219684,195.935971,2003.394000,0.400143,0.970861,0.311197,0.998641,0.984812,0.000994,2003.394999,11149.046200,0.000000,nan,nan,nan
5.640000,0.178817,0.219830,195.931721,2003.454230,0.398437,0.970971,0.311326,0.998642,0.984850,0.000991,2003.455224,11203.944529,0.000000,nan,nan,nan
5.660000,0.177945,0.219975,195.927501,2003.514647,0.396727,0.971078,0.311451,0.998642,0.984888,0.000987,2003.515635,11259.197172,0.000000,nan,nan,nan
5.680000,0.177076,0.220118,195.923312,2003.575249,0.395013,0.971183,0.311572,0.998643,0.984925,0.000984,2003.576232,11314.806442,0.000000,nan,nan,nan
5.700000,0.176209,0.220260,195.919153,2003.636035,0.393294,0.971284,0.311689,0.998644,0.984962,0.000980,2003.637013,11370.774747,0.000000,nan,nan,nan
5.720000,0.175346,0.220400,195.915023,2003.697006,0.391571,0.971383,0.311802,0.998644,0.984998,0.000977,2003.697978,11427.104432,0.000000,nan,nan,nan
5.740000,0.174486,0.220539,195.910924,2003.758158,0.389844,0.971480,0.311911,0.998645,0.985034,0.000973,2003.759126,11483.797886,0.000000,nan,nan,nan
5.760000,0.173628,0.220677,195.906853,2003.819493,0.388112,0.971574,0.312017,0.998645,0.985070,0.000970,2003.820455,11540.858311,0.000000,nan,nan,nan
5.780000,0.172774,0.220813,195.902812,2003.881007,0.386377,0.971666,0.312118,0.998646,0.985105,0.000967,2003.881964,11598.286525,0.000000,nan,nan,nan
5.800000,0.171922,0.220948,195.898799,2003.942702,0.384638,0.971755,0.312216,0.998646,0.985140,0.000963,2003.943653,11656.085842,0.000000,nan,nan,nan
5.820000,0.171074,0.221082,195.894814,2004.004574,0.382895,0.971841,0.312309,0.998647,0.985174,0.000960,2004.005521,11714.258654,0.000000,nan,nan,nan
5.840000,0.170228,0.221214,195.890858,2004.066625,0.381148,0.971926,0.312400,0.998647,0.985208,0.000957,2004.067567,11772.807551,0.000000,nan,nan,nan
5.860000,0.169386,0.221345,195.886929,2004.128852,0.379398,0.972007,0.312486,0.998648,0.985242,0.000954,2004.129789,11831.734562,0.000000,nan,nan,nan
5.880000,0.168546,0.221475,195.883028,2004.191255,0.377643,0.972087,0.312568,0.998648,0.985276,0.000951,2004.192187,11891.043037,0.000000,nan,nan,nan
5.900000,0.167710,0.221603,195.879155,2004.253834,0.375886,0.972164,0.312647,0.998649,0.985309,0.000948,2004.254760,11950.735935,0.000000,nan,nan,nan
5.920000,0.166876,0.221730,195.875308,2004.316585,0.374125,0.972239,0.312722,0.998649,0.985342,0.000945,2004.317507,12010.814079,0.000000,nan,nan,nan
5.940000,0.166045,0.221856,195.871488,2004.379510,0.372360,0.972312,0.312793,0.998649,0.985374,0.000942,2004.380427,12071.281769,0.000000,nan,nan,nan
5.960000,0.165218,0.221981,195.867694,2004.442607,0.370593,0.972382,0.312861,0.998650,0.985406,0.000939,2004.443519,12132.139920,0.000000,nan,nan,nan
5.980000,0.164393,0.222105,195.863927,2004.505875,0.368822,0.972450,0.312925,0.998650,0.985438,0.000936,2004.506781,12193.391961,0.000000,nan,nan,nan
6.000000,0.163571,0.222227,195.860185,2004.569313,0.367048,0.972516,0.312985,0.998651,0.985469,0.000933,2004.570214,12255.040602,0.000000,nan,nan,nan
6.020000,0.162752,0.222348,195.856469,2004.632920,0.365271,0.972580,0.313041,0.998651,0.985500,0.000930,2004.633817,12317.088395,0.000000,nan,nan,nan
6.040000,0.161936,0.222468,195.852779,2004.696696,0.363492,0.972642,0.313094,0.998651,0.985531,0.000927,2004.697587,12379.538304,0.000000,nan,nan,nan
6.060000,0.161123,0.222586,195.849113,2004.760639,0.361709,0.972702,0.313144,0.998652,0.985561,0.000924,2004.761526,12442.393682,0.000000,nan,nan,nan
6.080000,0.160313,0.222704,195.845473,2004.824749,0.359924,0.972760,0.313190,0.998652,0.985591,0.000922,2004.825631,12505.655498,0.000000,nan,nan,nan
6.100000,0.159506,0.222820,195.841857,2004.889024,0.358136,0.972815,0.313232,0.998652,0.985621,0.000919,2004.889901,12569.326898,0.000000,nan,nan,nan
6.120000,0.158702,0.222935,195.838266,2004.953464,0.356346,0.972869,0.313270,0.998653,0.985651,0.000916,2004.954336,12633.411115,0.000000,nan,nan,nan
6.140000,0.157901,0.223049,195.834699,2005.018067,0.354553,0.972920,0.313305,0.998653,0.985680,0.000914,2005.018935,12697.910782,0.000000,nan,nan,nan
6.160000,0.157103,0.223162,195.831155,2005.082834,0.352758,0.972970,0.313337,0.998653,0.985709,0.000911,2005.083696,12762.828702,0.000000,nan,nan,nan
6.180000,0.156308,0.223273,195.827635,2005.147762,0.350961,0.973018,0.313365,0.998654,0.985737,0.000909,2005.148620,12828.167692,0.000000,nan,nan,nan
6.200000,0.155516,0.223384,195.824139,2005.212852,0.349162,0.973063,0.313390,0.998654,0.985766,0.000906,2005.213705,12893.930506,0.000000,nan,nan,nan
6.220000,0.154727,0.223493,195.820666,2005.278101,0.347360,0.973107,0.313411,0.998654,0.985794,0.000904,2005.278950,12960.120010,0.000000,nan,nan,nan
6.240000,0.153941,0.223602,195.817216,2005.343510,0.345557,0.973149,0.313428,0.998654,0.985821,0.000901,2005.344354,13026.739097,0.000000,nan,nan,nan
6.260000,0.153157,0.223709,195.813788,2005.409079,0.343752,0.973189,0.313443,0.998654,0.985849,0.000899,2005.409918,13093.792138,0.000000,nan,nan,nan
6.280000,0.152377,0.223815,195.810383,2005.474804,0.341945,0.973227,0.313453,0.998655,0.985876,0.000896,2005.475638,13161.278837,0.000000,nan,nan,nan
6.300000,0.151599,0.223920,195.807000,2005.540686,0.340137,0.973264,0.313461,0.998655,0.985903,0.000894,2005.541516,13229.205078,0.000000,nan,nan,nan
6.320000,0.150825,0.224024,195.803639,2005.606725,0.338327,0.973299,0.313465,0.998655,0.985929,0.000892,2005.607550,13297.572782,0.000000,nan,nan,nan
6.340000,0.150054,0.224127,195.800300,2005.672918,0.336515,0.973331,0.313465,0.998655,0.985956,0.000889,2005.673738,13366.383139,0.000000,nan,nan,nan
6.360000,0.149285,0.224229,195.796983,2005.739265,0.334703,0.973362,0.313462,0.998655,0.985982,0.000887,2005.740081,13435.641728,0.000000,nan,nan,nan
6.380000,0.148519,0.224330,195.793687,2005.805766,0.332889,0.973392,0.313456,0.998655,0.986007,0.000885,2005.806577,13505.348334,0.000000,nan,nan,nan
6.400000,0.147757,0.224430,195.790412,2005.872420,0.331074,0.973419,0.313447,0.998656,0.986033,0.000883,2005.873226,13575.510170,0.000000,nan,nan,nan
6.420000,0.146997,0.224528,195.787157,2005.939225,0.329258,0.973445,0.313434,0.998656,0.986058,0.000880,2005.940027,13646.126791,0.000000,nan,nan,nan
6.440000,0.146240,0.224626,195.783924,2006.006180,0.327441,0.973469,0.313418,0.998656,0.986083,0.000878,2006.006977,13717.201211,0.000000,nan,nan,nan
6.460000,0.145486,0.224723,195.780711,2006.073285,0.325624,0.973492,0.313398,0.998656,0.986108,0.000876,2006.074078,13788.737741,0.000000,nan,nan,nan
6.480000,0.144735,0.224819,195.777519,2006.140539,0.323805,0.973513,0.313376,0.998656,0.986132,0.000874,2006.141328,13860.739643,0.000000,nan,nan,nan
6.500000,0.143987,0.224914,195.774346,2006.207942,0.321987,0.973532,0.313350,0.998656,0.986156,0.000872,2006.208726,13933.209633,0.000000,nan,nan,nan
6.520000,0.143242,0.225007,195.771193,2006.275492,0.320167,0.973549,0.313321,0.998656,0.986180,0.000870,2006.276272,14006.151744,0.000000,nan,nan,nan
6.540000,0.142500,0.225100,195.768060,2006.343189,0.318348,0.973565,0.313288,0.998656,0.986204,0.000868,2006.343964,14079.567497,0.000000,nan,nan,nan
6.560000,0.141761,0.225192,195.764947,2006.411032,0.316528,0.973580,0.313253,0.998656,0.986227,0.000866,2006.411803,14153.462247,0.000000,nan,nan,nan
6.580000,0.141025,0.225283,195.761852,2006.479019,0.314708,0.973592,0.313214,0.998656,0.986251,0.000864,2006.479786,14227.835384,0.000000,nan,nan,nan
6.600000,0.140292,0.225373,195.758777,2006.547151,0.312888,0.973604,0.313172,0.998656,0.986273,0.000862,2006.547913,14302.693524,0.000000,nan,nan,nan
6.620000,0.139561,0.225462,195.755720,2006.615426,0.311068,0.973613,0.313127,0.998656,0.986296,0.000860,2006.616184,14378.038806,0.000000,nan,nan,nan
6.640000,0.138834,0.225551,195.752683,2006.683844,0.309248,0.973621,0.313078,0.998656,0.986319,0.000858,2006.684598,14453.875241,0.000000,nan,nan,nan
6.660000,0.138109,0.225638,195.749663,2006.752404,0.307428,0.973628,0.313027,0.998656,0.986341,0.000856,2006.753153,14530.205410,0.000000,nan,nan,nan
6.680000,0.137387,0.225724,195.746662,2006.821105,0.305609,0.973633,0.312972,0.998656,0.986363,0.000854,2006.821850,14607.032326,0.000000,nan,nan,nan
6.700000,0.136669,0.225810,195.743679,2006.889946,0.303791,0.973636,0.312915,0.998656,0.986385,0.000852,2006.890687,14684.358315,0.000000,nan,nan,nan
6.720000,0.135953,0.225894,195.740714,2006.958927,0.301973,0.973638,0.312854,0.998656,0.986406,0.000851,2006.959664,14762.189969,0.000000,nan,nan,nan
6.740000,0.135240,0.225978,195.737766,2007.028046,0.300156,0.973639,0.312790,0.998656,0.986428,0.000849,2007.028778,14840.525915,0.000000,nan,nan,nan
6.760000,0.134530,0.226061,195.734836,2007.097303,0.298339,0.973638,0.312723,0.998656,0.986449,0.000847,2007.098031,14919.371916,0.000000,nan,nan,nan
6.780000,0.133822,0.226143,195.731924,2007.166698,0.296524,0.973636,0.312653,0.998656,0.986470,0.000845,2007.167422,14998.733428,0.000000,nan,nan,nan
6.800000,0.133118,0.226224,195.729028,2007.236228,0.294710,0.973632,0.312580,0.998656,0.986490,0.000844,2007.236948,15078.609412,0.000000,nan,nan,nan
6.820000,0.132417,0.226304,195.726150,2007.305894,0.292896,0.973627,0.312504,0.998656,0.986511,0.000842,2007.306610,15159.005557,0.000000,nan,nan,nan
6.840000,0.131718,0.226384,195.723288,2007.375695,0.291085,0.973620,0.312425,0.998656,0.986531,0.000840,2007.376407,15239.925889,0.000000,nan,nan,nan
6.860000,0.131023,0.226462,195.720443,2007.445630,0.289274,0.973612,0.312343,0.998656,0.986551,0.000838,2007.446338,15321.372570,0.000000,nan,nan,nan
6.880000,0.130330,0.226540,195.717615,2007.515699,0.287465,0.973603,0.312258,0.998655,0.986571,0.000837,2007.516402,15403.349620,0.000000,nan,nan,nan
6.900000,0.129640,0.226617,195.714802,2007.585899,0.285658,0.973592,0.312170,0.998655,0.986591,0.000835,2007.586599,15485.860546,0.000000,nan,nan,nan
6.920000,0.128953,0.226693,195.712006,2007.656232,0.283852,0.973580,0.312079,0.998655,0.986610,0.000834,2007.656927,15568.908761,0.000000,nan,nan,nan
6.940000,0.128269,0.226769,195.709226,2007.726696,0.282048,0.973566,0.311985,0.998655,0.986629,0.000832,2007.727387,15652.497955,0.000000,nan,nan,nan
6.960000,0.127587,0.226843,195.706461,2007.797290,0.280246,0.973551,0.311888,0.998655,0.986648,0.000830,2007.797977,15736.631459,0.000000,nan,nan,nan
6.980000,0.126909,0.226917,195.703713,2007.868013,0.278447,0.973535,0.311789,0.998655,0.986667,0.000829,2007.868697,15821.313718,0.000000,nan,nan,nan
7.000000,0.126233,0.226990,195.700979,2007.938866,0.276649,0.973518,0.311686,0.998654,0.986686,0.000827,2007.939545,15906.546506,0.000000,nan,nan,nan
7.020000,0.125561,0.227063,195.698261,2008.009847,0.274854,0.973499,0.311581,0.998654,0.986704,0.000826,2008.010522,15992.335201,0.000000,nan,nan,nan
7.040000,0.124891,0.227134,195.695558,2008.080955,0.273061,0.973479,0.311472,0.998654,0.986723,0.000824,2008.081626,16078.681560,0.000000,nan,nan,nan
7.060000,0.124224,0.227205,195.692870,2008.152190,0.271270,0.973457,0.311361,0.998654,0.986741,0.000823,2008.152857,16165.590196,0.000000,nan,nan,nan
7.080000,0.123560,0.227275,195.690197,2008.223551,0.269482,0.973434,0.311247,0.998654,0.986758,0.000821,2008.224215,16253.066289,0.000000,nan,nan,nan
7.100000,0.122898,0.227344,195.687538,2008.295039,0.267697,0.973410,0.311130,0.998653,0.986776,0.000820,2008.295698,16341.113570,0.000000,nan,nan,nan
7.120000,0.122240,0.227413,195.684894,2008.366650,0.265914,0.973385,0.311011,0.998653,0.986794,0.000818,2008.367305,16429.730253,0.000000,nan,nan,nan
7.140000,0.121584,0.227480,195.682264,2008.438385,0.264135,0.973358,0.310888,0.998653,0.986811,0.000817,2008.439037,16518.925047,0.000000,nan,nan,nan
7.160000,0.120931,0.227547,195.679649,2008.510243,0.262358,0.973330,0.310763,0.998653,0.986828,0.000816,2008.510891,16608.700369,0.000000,nan,nan,nan
7.180000,0.120281,0.227614,195.677047,2008.582222,0.260585,0.973301,0.310635,0.998652,0.986845,0.000814,2008.582866,16699.054705,0.000000,nan,nan,nan
7.200000,0.119634,0.227680,195.674460,2008.654324,0.258815,0.973271,0.310504,0.998652,0.986862,0.000813,2008.654964,16790.001588,0.000000,nan,nan,nan
7.220000,0.118990,0.227745,195.671886,2008.726547,0.257048,0.973239,0.310371,0.998652,0.986878,0.000812,2008.727184,16881.540767,0.000000,nan,nan,nan
7.240000,0.118348,0.227809,195.669326,2008.798891,0.255285,0.973206,0.310234,0.998651,0.986895,0.000810,2008.799524,16973.675008,0.000000,nan,nan,nan
7.260000,0.117709,0.227872,195.666779,2008.871355,0.253525,0.973172,0.310096,0.998651,0.986911,0.000809,2008.871984,17066.409837,0.000000,nan,nan,nan
7.280000,0.117073,0.227935,195.664246,2008.943937,0.251768,0.973137,0.309954,0.998651,0.986927,0.000808,2008.944563,17159.748352,0.000000,nan,nan,nan
7.300000,0.116440,0.227998,195.661725,2009.016638,0.250016,0.973100,0.309810,0.998650,0.986943,0.000806,2009.017260,17253.692215,0.000000,nan,nan,nan
7.320000,0.115809,0.228059,195.659218,2009.089456,0.248267,0.973063,0.309663,0.998650,0.986959,0.000805,2009.090074,17348.246853,0.000000,nan,nan,nan
7.340000,0.115182,0.228120,195.656724,2009.162392,0.246522,0.973024,0.309513,0.998650,0.986974,0.000804,2009.163007,17443.418234,0.000000,nan,nan,nan
7.360000,0.114557,0.228180,195.654242,2009.235444,0.244782,0.972984,0.309361,0.998649,0.986989,0.000803,2009.236055,17539.207453,0.000000,nan,nan,nan
7.380000,0.113935,0.228240,195.651773,2009.308612,0.243045,0.972942,0.309206,0.998649,0.987005,0.000801,2009.309219,17635.620115,0.000000,nan,nan,nan
7.400000,0.113315,0.228299,195.649317,2009.381895,0.241313,0.972900,0.309048,0.998649,0.987020,0.000800,2009.382498,17732.657772,0.000000,nan,nan,nan
7.420000,0.112699,0.228357,195.646873,2009.455292,0.239585,0.972856,0.308888,0.998648,0.987035,0.000799,2009.455892,17830.326139,0.000000,nan,nan,nan
7.440000,0.112085,0.228415,195.644441,2009.528803,0.237861,0.972812,0.308726,0.998648,0.987049,0.000798,2009.529399,17928.629099,0.000000,nan,nan,nan
7.460000,0.111474,0.228472,195.642021,2009.602426,0.236142,0.972766,0.308561,0.998647,0.987064,0.000797,2009.603019,18027.570572,0.000000,nan,nan,nan
7.480000,0.110865,0.228529,195.639613,2009.676163,0.234428,0.972719,0.308393,0.998647,0.987078,0.000795,2009.676752,18127.156711,0.000000,nan,nan,nan
7.500000,0.110260,0.228585,195.637217,2009.750012,0.232718,0.972670,0.308222,0.998646,0.987093,0.000794,2009.750598,18227.390646,0.000000,nan,nan,nan
7.520000,0.109657,0.228640,195.634833,2009.823972,0.231013,0.972621,0.308050,0.998646,0.987107,0.000793,2009.824554,18328.273016,0.000000,nan,nan,nan
7.540000,0.109057,0.228695,195.632461,2009.898042,0.229313,0.972570,0.307874,0.998646,0.987121,0.000792,2009.898621,18429.812724,0.000000,nan,nan,nan
7.560000,0.108459,0.228749,195.630099,2009.972223,0.227618,0.972519,0.307696,0.998645,0.987134,0.000791,2009.972798,18532.010304,0.000000,nan,nan,nan
7.580000,0.107865,0.228802,195.627750,2010.046513,0.225928,0.972466,0.307516,0.998645,0.987148,0.000790,2010.047085,18634.870934,0.000000,nan,nan,nan
7.600000,0.107273,0.228855,195.625411,2010.120912,0.224243,0.972412,0.307333,0.998644,0.987161,0.000789,2010.121480,18738.398744,0.000000,nan,nan,nan
7.620000,0.106684,0.228908,195.623084,2010.195418,0.222564,0.972357,0.307148,0.998644,0.987175,0.000788,2010.195983,18842.596049,0.000000,nan,nan,nan
7.640000,0.106097,0.228960,195.620767,2010.270031,0.220890,0.972301,0.306960,0.998643,0.987188,0.000787,2010.270593,18947.468613,0.000000,nan,nan,nan
7.660000,0.105513,0.229011,195.618462,2010.344751,0.219221,0.972244,0.306770,0.998643,0.987201,0.000786,2010.345309,19053.021084,0.000000,nan,nan,nan
7.680000,0.104932,0.229062,195.616167,2010.419577,0.217558,0.972185,0.306578,0.998642,0.987214,0.000785,2010.420132,19159.257757,0.000000,nan,nan,nan
7.700000,0.104354,0.229112,195.613883,2010.494510,0.215900,0.972126,0.306383,0.998642,0.987227,0.000784,2010.495061,19266.184906,0.000000,nan,nan,nan
7.720000,0.103778,0.229161,195.611609,2010.569548,0.214248,0.972066,0.306186,0.998641,0.987239,0.000783,2010.570095,19373.805510,0.000000,nan,nan,nan
7.740000,0.103205,0.229211,195.609346,2010.644689,0.212602,0.972004,0.305986,0.998640,0.987252,0.000782,2010.645233,19482.120109,0.000000,nan,nan,nan
7.760000,0.102634,0.229259,195.607093,2010.719934,0.210961,0.971941,0.305784,0.998640,0.987264,0.000781,2010.720475,19591.136065,0.000000,nan,nan,nan
7.780000,0.102066,0.229307,195.604850,2010.795282,0.209327,0.971878,0.305580,0.998639,0.987276,0.000780,2010.795820,19700.859196,0.000000,nan,nan,nan
7.800000,0.101501,0.229355,195.602618,2010.870733,0.207698,0.971813,0.305373,0.998639,0.987288,0.000779,2010.871268,19811.292015,0.000000,nan,nan,nan
7.820000,0.100939,0.229402,195.600395,2010.946286,0.206076,0.971747,0.305164,0.998638,0.987300,0.000778,2010.946818,19922.440885,0.000000,nan,nan,nan
7.840000,0.100379,0.229448,195.598183,2011.021941,0.204460,0.971680,0.304953,0.998638,0.987312,0.000777,2011.022469,20034.305763,0.000000,nan,nan,nan
7.860000,0.099822,0.229494,195.595980,2011.097696,0.202849,0.971612,0.304739,0.998637,0.987323,0.000776,2011.098220,20146.893997,0.000000,nan,nan,nan
7.880000,0.099267,0.229540,195.593786,2011.173552,0.201246,0.971543,0.304523,0.998636,0.987335,0.000775,2011.174074,20260.215183,0.000000,nan,nan,nan
7.900000,0.098715,0.229585,195.591602,2011.249508,0.199648,0.971473,0.304305,0.998636,0.987346,0.000774,2011.250026,20374.265366,0.000000,nan,nan,nan
7.920000,0.098166,0.229629,195.589428,2011.325562,0.198057,0.971402,0.304085,0.998635,0.987357,0.000773,2011.326077,20489.050191,0.000000,nan,nan,nan
7.940000,0.097619,0.229673,195.587263,2011.401715,0.196473,0.971329,0.303863,0.998635,0.987368,0.000773,2011.402227,20604.576184,0.000000,nan,nan,nan
7.960000,0.097075,0.229717,195.585108,2011.477966,0.194895,0.971256,0.303638,0.998634,0.987379,0.000772,2011.478475,20720.851480,0.000000,nan,nan,nan
7.980000,0.096534,0.229760,195.582961,2011.554314,0.193324,0.971182,0.303411,0.998633,0.987390,0.000771,2011.554820,20837.874842,0.000000,nan,nan,nan
8.000000,0.095995,0.229802,195.580824,2011.630759,0.191759,0.971107,0.303182,0.998633,0.987401,0.000770,2011.631262,20955.651290,0.000000,nan,nan,nan
8.020000,0.095458,0.229844,195.578695,2011.707300,0.190201,0.971030,0.302951,0.998632,0.987411,0.000769,2011.707800,21074.187524,0.000000,nan,nan,nan
8.040000,0.094925,0.229886,195.576576,2011.783937,0.188650,0.970953,0.302717,0.998631,0.987422,0.000768,2011.784434,21193.488854,0.000000,nan,nan,nan
8.060000,0.094393,0.229927,195.574465,2011.860669,0.187106,0.970874,0.302482,0.998631,0.987432,0.000768,2011.861163,21313.559238,0.000000,nan,nan,nan
8.080000,0.093865,0.229968,195.572363,2011.937496,0.185569,0.970795,0.302244,0.998630,0.987442,0.000767,2011.937986,21434.403225,0.000000,nan,nan,nan
8.100000,0.093339,0.230008,195.570269,2012.014418,0.184039,0.970715,0.302004,0.998629,0.987452,0.000766,2012.014905,21556.030129,0.000000,nan,nan,nan
8.120000,0.092815,0.230048,195.568184,2012.091433,0.182516,0.970633,0.301763,0.998628,0.987462,0.000765,2012.091917,21678.435607,0.000000,nan,nan,nan
8.140000,0.092294,0.230087,195.566108,2012.168540,0.181000,0.970551,0.301519,0.998628,0.987472,0.000765,2012.169022,21801.628970,0.000000,nan,nan,nan
8.160000,0.091776,0.230126,195.564040,2012.245741,0.179491,0.970467,0.301273,0.998627,0.987482,0.000764,2012.246219,21925.615808,0.000000,nan,nan,nan
8.180000,0.091260,0.230165,195.561979,2012.323034,0.177990,0.970383,0.301025,0.998626,0.987491,0.000763,2012.323509,22050.401724,0.000000,nan,nan,nan
8.200000,0.090747,0.230203,195.559927,2012.400418,0.176495,0.970297,0.300775,0.998626,0.987501,0.000762,2012.400890,22175.990584,0.000000,nan,nan,nan
8.220000,0.090236,0.230241,195.557884,2012.477892,0.175008,0.970211,0.300523,0.998625,0.987510,0.000762,2012.478362,22302.382866,0.000000,nan,nan,nan
8.240000,0.089728,0.230278,195.555847,2012.555459,0.173529,0.970123,0.300268,0.998624,0.987519,0.000761,2012.555925,22429.592010,0.000000,nan,nan,nan
8.260000,0.089222,0.230315,195.553819,2012.633113,0.172057,0.970035,0.300012,0.998623,0.987529,0.000760,2012.633577,22557.613211,0.000000,nan,nan,nan
8.280000,0.088719,0.230351,195.551799,2012.710858,0.170592,0.969945,0.299754,0.998622,0.987538,0.000760,2012.711318,22686.458021,0.000000,nan,nan,nan
8.300000,0.088218,0.230387,195.549787,2012.788691,0.169135,0.969855,0.299494,0.998622,0.987546,0.000759,2012.789148,22816.129851,0.000000,nan,nan,nan
8.320000,0.087719,0.230423,195.547782,2012.866612,0.167685,0.969764,0.299232,0.998621,0.987555,0.000758,2012.867067,22946.632607,0.000000,nan,nan,nan
8.340000,0.087224,0.230458,195.545784,2012.944621,0.166243,0.969671,0.298969,0.998620,0.987564,0.000758,2012.945073,23077.971350,0.000000,nan,nan,nan
8.360000,0.086730,0.230493,195.543794,2013.022718,0.164809,0.969578,0.298703,0.998619,0.987572,0.000757,2013.023167,23210.154066,0.000000,nan,nan,nan
8.380000,0.086239,0.230528,195.541812,2013.100901,0.163382,0.969483,0.298435,0.998618,0.987581,0.000756,2013.101348,23343.183486,0.000000,nan,nan,nan
8.400000,0.085751,0.230562,195.539837,2013.179171,0.161963,0.969388,0.298166,0.998618,0.987589,0.000756,2013.179614,23477.062848,0.000000,nan,nan,nan
8.420000,0.085265,0.230596,195.537869,2013.257527,0.160552,0.969292,0.297894,0.998617,0.987597,0.000755,2013.257967,23611.802950,0.000000,nan,nan,nan
8.440000,0.084781,0.230629,195.535908,2013.335967,0.159149,0.969195,0.297621,0.998616,0.987605,0.000754,2013.336405,23747.401985,0.000000,nan,nan,nan
8.460000,0.084300,0.230662,195.533954,2013.414492,0.157753,0.969096,0.297346,0.998615,0.987613,0.000754,2013.414927,23883.868321,0.000000,nan,nan,nan
8.480000,0.083821,0.230695,195.532007,2013.493102,0.156365,0.968997,0.297069,0.998614,0.987621,0.000753,2013.493534,24021.207091,0.000000,nan,nan,nan
8.500000,0.083345,0.230727,195.530067,2013.571795,0.154986,0.968897,0.296790,0.998613,0.987629,0.000753,2013.572225,24159.423764,0.000000,nan,nan,nan
8.520000,0.082871,0.230759,195.528134,2013.650574,0.153614,0.968796,0.296510,0.998612,0.987637,0.000752,2013.651001,24298.532558,0.000000,nan,nan,nan
8.540000,0.082400,0.230790,195.526208,2013.729435,0.152250,0.968694,0.296227,0.998612,0.987644,0.000751,2013.729859,24438.525994,0.000000,nan,nan,nan
8.560000,0.081931,0.230821,195.524288,2013.808377,0.150894,0.968591,0.295943,0.998611,0.987652,0.000751,2013.808799,24579.408754,0.000000,nan,nan,nan
8.580000,0.081464,0.230852,195.522375,2013.887402,0.149546,0.968487,0.295657,0.998610,0.987659,0.000750,2013.887820,24721.190509,0.000000,nan,nan,nan
8.600000,0.081000,0.230883,195.520469,2013.966508,0.148206,0.968382,0.295370,0.998609,0.987666,0.000750,2013.966924,24863.877848,0.000000,nan,nan,nan
8.620000,0.080538,0.230913,195.518569,2014.045695,0.146874,0.968276,0.295081,0.998608,0.987673,0.000749,2014.046108,25007.473848,0.000000,nan,nan,nan
8.640000,0.080078,0.230943,195.516675,2014.124962,0.145550,0.968169,0.294790,0.998607,0.987680,0.000749,2014.125372,25151.983284,0.000000,nan,nan,nan
8.660000,0.079621,0.230972,195.514788,2014.204311,0.144234,0.968061,0.294497,0.998606,0.987687,0.000748,2014.204719,25297.425701,0.000000,nan,nan,nan
8.680000,0.079166,0.231001,195.512907,2014.283740,0.142926,0.967953,0.294202,0.998605,0.987694,0.000746,2014.284146,25443.793615,0.000000,nan,nan,nan
8.700000,0.078713,0.231030,195.511032,2014.363249,0.141627,0.967843,0.293906,0.998604,0.987701,0.000741,2014.363651,25591.092573,0.000000,nan,nan,nan
8.720000,0.078263,0.231059,195.509164,2014.442834,0.140335,0.967733,0.293609,0.998603,0.987708,0.000737,2014.443234,25739.318702,0.000000,nan,nan,nan
8.740000,0.077815,0.231087,195.507301,2014.522497,0.139052,0.967621,0.293309,0.998602,0.987714,0.000732,2014.522894,25888.488295,0.000000,nan,nan,nan
8.760000,0.077370,0.231115,195.505445,2014.602238,0.137777,0.967509,0.293009,0.998601,0.987720,0.000728,2014.602633,26038.607912,0.000000,nan,nan,nan
8.780000,0.076927,0.231142,195.503594,2014.682056,0.136510,0.967395,0.292706,0.998600,0.987727,0.000724,2014.682449,26189.680176,0.000000,nan,nan,nan
8.800000,0.076486,0.231170,195.501749,2014.761951,0.135251,0.967281,0.292402,0.998599,0.987733,0.000719,2014.762341,26341.711830,0.000000,nan,nan,nan
8.820000,0.076047,0.231197,195.499910,2014.841924,0.134001,0.967166,0.292096,0.998598,0.987739,0.000715,2014.842312,26494.712141,0.000000,nan,nan,nan
8.840000,0.075611,0.231223,195.498077,2014.921971,0.132758,0.967050,0.291789,0.998597,0.987745,0.000711,2014.922356,26648.676113,0.000000,nan,nan,nan
8.860000,0.075176,0.231249,195.496250,2015.002093,0.131524,0.966933,0.291480,0.998596,0.987751,0.000706,2015.002475,26803.614811,0.000000,nan,nan,nan
8.880000,0.074745,0.231276,195.494428,2015.082291,0.130298,0.966815,0.291170,0.998595,0.987757,0.000702,2015.082671,26959.542998,0.000000,nan,nan,nan
8.900000,0.074315,0.231301,195.492612,2015.162564,0.129081,0.966696,0.290858,0.998594,0.987763,0.000698,2015.162942,27116.459142,0.000000,nan,nan,nan
8.920000,0.073888,0.231327,195.490801,2015.242910,0.127871,0.966576,0.290545,0.998593,0.987769,0.000694,2015.243285,27274.362361,0.000000,nan,nan,nan
8.940000,0.073463,0.231352,195.488996,2015.323329,0.126670,0.966455,0.290230,0.998592,0.987774,0.000690,2015.323702,27433.265021,0.000000,nan,nan,nan
8.960000,0.073040,0.231377,195.487196,2015.403822,0.125477,0.966334,0.289914,0.998591,0.987780,0.000686,2015.404193,27593.173525,0.000000,nan,nan,nan
8.980000,0.072619,0.231401,195.485402,2015.484388,0.124293,0.966211,0.289596,0.998590,0.987785,0.000682,2015.484756,27754.093758,0.000000,nan,nan,nan
9.000000,0.072201,0.231426,195.483612,2015.565027,0.123116,0.966088,0.289277,0.998589,0.987790,0.000678,2015.565392,27916.031637,0.000000,nan,nan,nan
9.020000,0.071785,0.231450,195.481828,2015.645737,0.121948,0.965964,0.288956,0.998588,0.987796,0.000673,2015.646100,28078.995381,0.000000,nan,nan,nan
9.040000,0.071371,0.231473,195.480049,2015.726520,0.120788,0.965838,0.288634,0.998587,0.987801,0.000669,2015.726880,28242.988604,0.000000,nan,nan,nan
9.060000,0.070959,0.231497,195.478276,2015.807374,0.119636,0.965712,0.288310,0.998586,0.987806,0.000665,2015.807733,28408.017824,0.000000,nan,nan,nan
9.080000,0.070550,0.231520,195.476507,2015.888298,0.118493,0.965585,0.287986,0.998585,0.987811,0.000661,2015.888654,28574.083128,0.000000,nan,nan,nan
9.100000,0.070142,0.231543,195.474743,2015.969294,0.117357,0.965457,0.287659,0.998584,0.987816,0.000658,2015.969648,28741.206112,0.000000,nan,nan,nan
9.120000,0.069737,0.231566,195.472984,2016.050360,0.116230,0.965329,0.287332,0.998583,0.987820,0.000654,2016.050712,28909.382652,0.000000,nan,nan,nan
9.140000,0.069334,0.231588,195.471230,2016.131494,0.115111,0.965199,0.287003,0.998581,0.987825,0.000650,2016.131843,29078.611575,0.000000,nan,nan,nan
9.160000,0.068933,0.231610,195.469481,2016.212698,0.114001,0.965068,0.286673,0.998580,0.987830,0.000646,2016.213045,29248.909548,0.000000,nan,nan,nan
9.180000,0.068534,0.231632,195.467737,2016.293971,0.112898,0.964937,0.286341,0.998579,0.987834,0.000642,2016.294315,29420.279370,0.000000,nan,nan,nan
9.200000,0.068138,0.231654,195.465997,2016.375312,0.111804,0.964805,0.286008,0.998578,0.987839,0.000638,2016.375655,29592.732274,0.000000,nan,nan,nan
9.220000,0.067743,0.231675,195.464263,2016.456722,0.110717,0.964671,0.285674,0.998577,0.987843,0.000634,2016.457062,29766.266329,0.000000,nan,nan,nan
9.240000,0.067351,0.231697,195.462532,2016.538199,0.109639,0.964537,0.285339,0.998576,0.987847,0.000631,2016.538537,29940.891576,0.000000,nan,nan,nan
9.260000,0.066960,0.231718,195.460807,2016.619743,0.108569,0.964402,0.285002,0.998575,0.987852,0.000627,2016.620079,30116.614378,0.000000,nan,nan,nan
9.280000,0.066572,0.231738,195.459085,2016.701353,0.107508,0.964266,0.284664,0.998573,0.987856,0.000623,2016.701686,30293.437689,0.000000,nan,nan,nan
9.300000,0.066186,0.231759,195.457369,2016.783030,0.106454,0.964130,0.284325,0.998572,0.987860,0.000619,2016.783361,30471.371598,0.000000,nan,nan,nan
9.320000,0.065802,0.231779,195.455656,2016.864772,0.105408,0.963992,0.283985,0.998571,0.987864,0.000616,2016.865101,30650.422934,0.000000,nan,nan,nan
9.340000,0.065420,0.231799,195.453949,2016.946580,0.104371,0.963853,0.283643,0.998570,0.987867,0.000612,2016.946907,30830.597775,0.000000,nan,nan,nan
9.360000,0.065040,0.231819,195.452245,2017.028455,0.103341,0.963714,0.283301,0.998569,0.987871,0.000608,2017.028780,31011.912665,0.000000,nan,nan,nan
9.380000,0.064663,0.231838,195.450546,2017.110395,0.102320,0.963574,0.282957,0.998568,0.987875,0.000605,2017.110717,31194.363608,0.000000,nan,nan,nan
9.400000,0.064287,0.231858,195.448851,2017.192400,0.101306,0.963433,0.282612,0.998566,0.987879,0.000601,2017.192720,31377.957247,0.000000,nan,nan,nan
9.420000,0.063913,0.231877,195.447160,2017.274467,0.100301,0.963291,0.282265,0.998565,0.987882,0.000598,2017.274785,31562.692309,0.000000,nan,nan,nan
9.440000,0.063542,0.231896,195.445473,2017.356598,0.099303,0.963148,0.281918,0.998564,0.987886,0.000594,2017.356914,31748.588234,0.000000,nan,nan,nan
9.460000,0.063172,0.231914,195.443790,2017.438793,0.098314,0.963004,0.281570,0.998563,0.987889,0.000590,2017.439107,31935.645242,0.000000,nan,nan,nan
9.480000,0.062804,0.231933,195.442112,2017.521050,0.097332,0.962860,0.281220,0.998561,0.987892,0.000587,2017.521362,32123.871934,0.000000,nan,nan,nan
9.500000,0.062439,0.231951,195.440437,2017.603371,0.096358,0.962714,0.280869,0.998560,0.987896,0.000583,2017.603680,32313.275117,0.000000,nan,nan,nan
9.520000,0.062075,0.231969,195.438767,2017.685753,0.095392,0.962568,0.280518,0.998559,0.987899,0.000580,2017.686060,32503.861631,0.000000,nan,nan,nan
9.540000,0.061714,0.231987,195.437100,2017.768197,0.094434,0.962421,0.280165,0.998558,0.987902,0.000576,2017.768503,32695.638351,0.000000,nan,nan,nan
9.560000,0.061354,0.232004,195.435437,2017.850703,0.093484,0.962273,0.279811,0.998556,0.987905,0.000573,2017.851006,32888.609253,0.000000,nan,nan,nan
9.580000,0.060996,0.232022,195.433778,2017.933270,0.092541,0.962124,0.279456,0.998555,0.987908,0.000570,2017.933571,33082.784524,0.000000,nan,nan,nan
9.600000,0.060641,0.232039,195.432123,2018.015897,0.091607,0.961975,0.279100,0.998554,0.987911,0.000566,2018.016197,33278.173149,0.000000,nan,nan,nan
9.620000,0.060287,0.232056,195.430472,2018.098586,0.090680,0.961824,0.278743,0.998553,0.987913,0.000563,2018.098883,33474.779923,0.000000,nan,nan,nan
9.640000,0.059935,0.232073,195.428824,2018.181336,0.089761,0.961673,0.278385,0.998551,0.987916,0.000559,2018.181631,33672.617370,0.000000,nan,nan,nan
9.660000,0.059586,0.232089,195.427180,2018.264145,0.088849,0.961521,0.278027,0.998550,0.987919,0.000556,2018.264439,33871.686806,0.000000,nan,nan,nan
9.680000,0.059238,0.232106,195.425540,2018.347014,0.087945,0.961368,0.277667,0.998549,0.987921,0.000553,2018.347306,34071.995399,0.000000,nan,nan,nan
9.700000,0.058892,0.232122,195.423903,2018.429942,0.087049,0.961214,0.277306,0.998547,0.987924,0.000550,2018.430231,34273.547257,0.000000,nan,nan,nan
9.720000,0.058548,0.232138,195.422270,2018.512928,0.086160,0.961059,0.276944,0.998546,0.987926,0.000546,2018.513215,34476.354665,0.000000,nan,nan,nan
9.740000,0.058206,0.232154,195.420640,2018.595972,0.085279,0.960904,0.276581,0.998545,0.987929,0.000543,2018.596258,34680.423010,0.000000,nan,nan,nan
9.760000,0.057865,0.232169,195.419014,2018.679075,0.084405,0.960747,0.276218,0.998543,0.987931,0.000540,2018.679358,34885.759581,0.000000,nan,nan,nan
9.780000,0.057527,0.232185,195.417392,2018.762235,0.083539,0.960590,0.275853,0.998542,0.987933,0.000537,2018.762516,35092.369261,0.000000,nan,nan,nan
9.800000,0.057191,0.232200,195.415772,2018.845452,0.082680,0.960432,0.275488,0.998541,0.987935,0.000533,2018.845731,35300.261979,0.000000,nan,nan,nan
9.820000,0.056856,0.232215,195.414156,2018.928726,0.081829,0.960273,0.275122,0.998539,0.987937,0.000530,2018.929003,35509.445138,0.000000,nan,nan,nan
9.840000,0.056523,0.232230,195.412544,2019.012057,0.080985,0.960114,0.274754,0.998538,0.987939,0.000527,2019.012332,35719.926177,0.000000,nan,nan,nan
9.860000,0.056193,0.232245,195.410934,2019.095444,0.080148,0.959953,0.274386,0.998537,0.987941,0.000524,2019.095718,35931.716113,0.000000,nan,nan,nan
9.880000,0.055864,0.232259,195.409328,2019.178888,0.079319,0.959792,0.274018,0.998535,0.987943,0.000521,2019.179160,36144.818738,0.000000,nan,nan,nan
9.900000,0.055536,0.232274,195.407726,2019.262387,0.078497,0.959630,0.273648,0.998534,0.987945,0.000518,2019.262657,36359.234956,0.000000,nan,nan,nan
9.920000,0.055211,0.232288,195.406126,2019.345941,0.077683,0.959467,0.273277,0.998533,0.987946,0.000515,2019.346209,36574.979369,0.000000,nan,nan,nan
9.940000,0.054888,0.232302,195.404530,2019.429549,0.076875,0.959303,0.272906,0.998531,0.987948,0.000511,2019.429815,36792.056115,0.000000,nan,nan,nan
9.960000,0.054566,0.232316,195.402936,2019.513212,0.076075,0.959139,0.272534,0.998530,0.987950,0.000508,2019.513477,37010.480238,0.000000,nan,nan,nan
9.980000,0.054246,0.232330,195.401346,2019.596931,0.075282,0.958973,0.272161,0.998528,0.987951,0.000505,2019.597194,37230.257747,0.000000,nan,nan,nan
10.000000,0.053928,0.232343,195.399759,2019.680704,0.074495,0.958807,0.271788,0.998527,0.987953,0.000502,2019.680965,37451.394181,0.000000,nan,nan,nan
